{
  "checkitout": [
    {
      "id": 1,
      "date": "08/07/2020",
      "title": "Lasdf;a;sldj",
      "title1": "ttitle1"
    },
    {
      "id": 2,
      "date": "11/07/2020",
      "title": "Lasdf;a;sldj",
      "title1": "ttitle1"
    },
    {
      "id": 3,
      "date": "11/07/2020",
      "title": "test1",
      "title1": "ttitle1"
    },
    {
      "id": 4,
      "date": "11/07/2020",
      "title": "test",
      "title1": "ttitle1"
    },
    {
      "id": 5,
      "date": "11/07/2020",
      "title": "Lasdf;a;sldj",
      "title1": "ttitle1"
    }
  ],
  "contests": [
    {
      "id": 1,
      "name": "xyz",
      "sdate": "11/07/2020",
      "edate": "12/07/2020",
      "status": "Expired"
    },
    {
      "id": 2,
      "name": "xyz 1",
      "sdate": "11/07/2020",
      "edate": "12/07/2020",
      "status": "Active"
    },
    {
      "id": 3,
      "name": "xyz 2",
      "sdate": "12/07/2020",
      "edate": "13/07/2020",
      "status": "Expired"
    }
  ]
}
